{
    "gpiostates": [
        {
            "id": "gpio",
            "vdcOne": "vdcOne",
            "vdcTwo": "vdcTwo",
            "sda0": "sda0",
            "dnc0": "dnc0",
            "scl0": "scl0",
            "gnd": "gnd",
            "gpio7": "gpio7",
            "txd": "txd",
            "dnc1": "dnc1",
            "rxd": "rxd",
            "gpio0": "gpio0",
            "gpio1": "gpio1",
            "gpio2": "gpio2",
            "dnc2": "dnc2",
            "gpio3": "gpio3",
            "gpio4": "gpio4",
            "dnc3": "dnc3",
            "gpio5": "gpio5",
            "mosi": "mosi",
            "dnc4": "dnc4",
            "miso": "miso",
            "gpio6": "gpio6",
            "sclk": "sclk",
            "ce0": "ce0",
            "dnc5": "dnc5",
            "ce1": "ce1"
        }
    ],

    "gpios": [
        {"id": "vdcOne", "state": false},
        {"id": "vdcTwo", "state": false},
        {"id": "sda0", "state": false},
        {"id": "dnc0", "state": false},
        {"id": "scl0", "state": false},
        {"id": "gnd", "state": false},
        {"id": "gpio7", "state": false},
        {"id": "txd", "state": false},
        {"id": "dnc1", "state": false},
        {"id": "rxd", "state": false},
        {"id": "gpio0", "state": false},
        {"id": "gpio1", "state": true},
        {"id": "gpio2", "state": false},
        {"id": "dnc2", "state": false},
        {"id": "gpio3", "state": false},
        {"id": "gpio4", "state": true},
        {"id": "dnc3", "state": false},
        {"id": "gpio5", "state": false},
        {"id": "mosi", "state": false},
        {"id": "dnc4", "state": false},
        {"id": "miso", "state": false},
        {"id": "gpio6", "state": false},
        {"id": "sclk", "state": false},
        {"id": "ce0", "state": false},
        {"id": "dnc5", "state": false},
        {"id": "ce1", "state": false}
    ]
}